<!DOCTYPE refentry [ <!ENTITY % mathent SYSTEM "math.ent"> %mathent; ]>

<!-- Converted by db4-upgrade version 1.1 -->

<refentry xmlns="http://docbook.org/ns/docbook" version="5.0" xml:id="glBindVertexArray">
    <info>
        <copyright>
            <year>2010-2014</year>
            <holder>Khronos Group</holder>
        </copyright>
    </info>
    <refmeta>
        <refentrytitle>glBindVertexArray</refentrytitle>
        <manvolnum>3G</manvolnum>
    </refmeta>
    <refnamediv>
        <refname>glBindVertexArray</refname>
        <refpurpose>bind a vertex array object</refpurpose>
    </refnamediv>
    <refsynopsisdiv>
        <title>C Specification</title>
        <funcsynopsis>
            <funcprototype>
                <funcdef>void <function>glBindVertexArray</function></funcdef>
                <paramdef>GLuint <parameter>array</parameter></paramdef>
            </funcprototype>
        </funcsynopsis>
    </refsynopsisdiv>
    <refsect1 xml:id="parameters"><title>Parameters</title>
        <variablelist>
        <varlistentry>
            <term><parameter>array</parameter></term>
            <listitem>
                <para>
                    Specifies the name of the vertex array to bind.
                </para>
            </listitem>
        </varlistentry>
        </variablelist>
    </refsect1>
    <refsect1 xml:id="description"><title>Description</title>
        <para>
            <function>glBindVertexArray</function> binds the vertex array object with name <parameter>array</parameter>. <parameter>array</parameter>
            is the name of a vertex array object previously returned from a call to <citerefentry><refentrytitle>glGenVertexArrays</refentrytitle></citerefentry>,
            or zero to bind the default vertex array object binding.
        </para>
        <para>
            If no vertex array object with name <parameter>array</parameter> exists, one is created when <parameter>array</parameter> is first bound. If the bind
            is successful no change is made to the state of the vertex array object, and any previous vertex array object binding is broken.
        </para>
    </refsect1>
    <refsect1 xml:id="errors"><title>Errors</title>
        <para>
            <constant>GL_INVALID_OPERATION</constant> is generated if <parameter>array</parameter> is not zero or the name of a vertex array object
            previously returned from a call to <citerefentry><refentrytitle>glGenVertexArrays</refentrytitle></citerefentry>.
        </para>
    </refsect1>
    <refsect1 xml:id="versions">
        <title>API Version Support</title>
        <informaltable>
            <tgroup cols="4" align="left">
                <xi:include xmlns:xi="http://www.w3.org/2001/XInclude" href="apifunchead.xml" xpointer="xpointer(/*/*)"/>
                <tbody>
                    <row>
                        <entry>glBindVertexArray</entry>
                        <xi:include xmlns:xi="http://www.w3.org/2001/XInclude" href="apiversion.xml" xpointer="xpointer(/*/*[@role='es30']/*)"/>
                    </row>
                </tbody>
            </tgroup>
        </informaltable>
    </refsect1>
    <refsect1 xml:id="seealso"><title>See Also</title>
        <para>
            <citerefentry><refentrytitle>glGenVertexArrays</refentrytitle></citerefentry>,
            <citerefentry><refentrytitle>glDeleteVertexArrays</refentrytitle></citerefentry>
            <citerefentry><refentrytitle>glVertexAttribPointer</refentrytitle></citerefentry>
            <citerefentry><refentrytitle>glEnableVertexAttribArray</refentrytitle></citerefentry>
            </para>
    </refsect1>
    <refsect1 xml:id="Copyright"><title>Copyright</title>
        <para>
            Copyright <trademark class="copyright"/> 2010-2014 Khronos Group.
            This material may be distributed subject to the terms and conditions set forth in
            the Open Publication License, v 1.0, 8 June 1999.
            <link xmlns:xlink="http://www.w3.org/1999/xlink" xlink:href="http://opencontent.org/openpub/">http://opencontent.org/openpub/</link>.
        </para>
    </refsect1>
</refentry>
