<!DOCTYPE refentry [ <!ENTITY % mathent SYSTEM "math.ent"> %mathent; ]>

<!-- Converted by db4-upgrade version 1.1 -->

<refentry xmlns="http://docbook.org/ns/docbook" version="5.0" xml:id="glDeleteTransformFeedbacks">
    <info>
        <copyright>
            <year>2010-2014</year>
            <holder>Khronos Group.</holder>
        </copyright>
    </info>
    <refmeta>
        <refentrytitle>glDeleteTransformFeedbacks</refentrytitle>
        <manvolnum>3G</manvolnum>
    </refmeta>
    <refnamediv>
        <refname>glDeleteTransformFeedbacks</refname>
        <refpurpose>delete transform feedback objects</refpurpose>
    </refnamediv>
    <refsynopsisdiv>
        <title>C Specification</title>
        <funcsynopsis>
            <funcprototype>
                <funcdef>void <function>glDeleteTransformFeedbacks</function></funcdef>
                <paramdef>GLsizei <parameter>n</parameter></paramdef>
                <paramdef>const GLuint *<parameter>ids</parameter></paramdef>
            </funcprototype>
        </funcsynopsis>
    </refsynopsisdiv>
    <refsect1 xml:id="parameters"><title>Parameters</title>
        <variablelist>
        <varlistentry>
            <term><parameter>n</parameter></term>
            <listitem>
                <para>
                    Specifies the number of transform feedback objects to delete.
                </para>
            </listitem>
        </varlistentry>
        <varlistentry>
            <term><parameter>ids</parameter></term>
            <listitem>
                <para>
                    Specifies an array of names of transform feedback objects to delete.
                </para>
            </listitem>
        </varlistentry>
        </variablelist>
    </refsect1>
    <refsect1 xml:id="description"><title>Description</title>
        <para>
            <function>glDeleteTransformFeedbacks</function> deletes the <parameter>n</parameter> transform feedback objects
            whose names are stored in the array <parameter>ids</parameter>. Unused names in <parameter>ids</parameter>
                        that have been marked as used for the purposes of <citerefentry><refentrytitle>glGenTransformFeedbacks</refentrytitle></citerefentry>,
                        are marked as unused again. Unused names in <parameter>ids</parameter> are
            ignored, as is the name zero. After a transform feedback object is deleted, its name is again unused and it
            has no contents. If an active transform feedback object is deleted, its name immediately becomes unused, but
            the underlying object is not deleted until it is no longer active.
        </para>
    </refsect1>
    <refsect1 xml:id="associatedgets"><title>Associated Gets</title>
        <para>
            <citerefentry><refentrytitle>glGet</refentrytitle></citerefentry> with argument <constant>GL_TRANSFORM_FEEDBACK_BINDING</constant>
        </para>
    </refsect1>
    <refsect1 xml:id="versions">
        <title>API Version Support</title>
        <informaltable>
            <tgroup cols="4" align="left">
                <xi:include xmlns:xi="http://www.w3.org/2001/XInclude" href="apifunchead.xml" xpointer="xpointer(/*/*)"/>
                <tbody>
                    <row>
                        <entry>glDeleteTransformFeedbacks</entry>
                        <xi:include xmlns:xi="http://www.w3.org/2001/XInclude" href="apiversion.xml" xpointer="xpointer(/*/*[@role='es30']/*)"/>
                    </row>
                </tbody>
            </tgroup>
        </informaltable>
    </refsect1>
    <refsect1 xml:id="seealso"><title>See Also</title>
        <para>
            <citerefentry><refentrytitle>glGenTransformFeedbacks</refentrytitle></citerefentry>,
            <citerefentry><refentrytitle>glBindTransformFeedback</refentrytitle></citerefentry>,
            <citerefentry><refentrytitle>glIsTransformFeedback</refentrytitle></citerefentry>,
            <citerefentry><refentrytitle>glBeginTransformFeedback</refentrytitle></citerefentry>,
            <citerefentry><refentrytitle>glPauseTransformFeedback</refentrytitle></citerefentry>,
            <citerefentry><refentrytitle>glResumeTransformFeedback</refentrytitle></citerefentry>,
            <citerefentry><refentrytitle>glEndTransformFeedback</refentrytitle></citerefentry>
        </para>
    </refsect1>
    <refsect1 xml:id="Copyright"><title>Copyright</title>
        <para>
            Copyright <trademark class="copyright"/> 2010-2014 Khronos Group.
            This material may be distributed subject to the terms and conditions set forth in
            the Open Publication License, v 1.0, 8 June 1999.
            <link xmlns:xlink="http://www.w3.org/1999/xlink" xlink:href="http://opencontent.org/openpub/">http://opencontent.org/openpub/</link>.
        </para>
    </refsect1>
</refentry>
