<!DOCTYPE refentry [ <!ENTITY % mathent SYSTEM "math.ent"> %mathent; ]>

<!-- Converted by db4-upgrade version 1.1 -->

<refentry xmlns="http://docbook.org/ns/docbook" version="5.0" xml:id="glDeleteProgram">
    <info>
        <copyright>
            <year>2003-2005</year>
            <holder>3Dlabs Inc. Ltd.</holder>
        </copyright>
        <copyright>
            <year>2010-2014</year>
            <holder>Khronos Group</holder>
        </copyright>
    </info>
    <refmeta>
        <refentrytitle>glDeleteProgram</refentrytitle>
        <manvolnum>3G</manvolnum>
    </refmeta>
    <refnamediv>
        <refname>glDeleteProgram</refname>
        <refpurpose>Deletes a program object</refpurpose>
    </refnamediv>
    <refsynopsisdiv>
        <title>C Specification</title>
    <funcsynopsis>
        <funcprototype>
        <funcdef>void <function>glDeleteProgram</function></funcdef>
        <paramdef>GLuint <parameter>program</parameter></paramdef>
        </funcprototype>
    </funcsynopsis>
    </refsynopsisdiv>
    <refsect1 xml:id="parameters"><title>Parameters</title>
    <variablelist>
        <varlistentry>
        <term><parameter>program</parameter></term>
        <listitem>
            <para>Specifies the program object to be
            deleted.</para>
        </listitem>
        </varlistentry>
    </variablelist>
    </refsect1>
    <refsect1 xml:id="description"><title>Description</title>
    <para><function>glDeleteProgram</function> frees the memory and
    invalidates the name associated with the program object
    specified by <parameter>program.</parameter> This command
    effectively undoes the effects of a call to
    <citerefentry><refentrytitle>glCreateProgram</refentrytitle></citerefentry>.</para>

    <para>If a program object is in use as part of current rendering
    state, it will be flagged for deletion, but it will not be
    deleted until it is no longer part of current state for any
    rendering context. If a program object to be deleted has shader
    objects attached to it, those shader objects will be
    automatically detached but not deleted unless they have already
    been flagged for deletion by a previous call to
    <citerefentry><refentrytitle>glDeleteShader</refentrytitle></citerefentry>.
    A value of 0 for <parameter>program</parameter> will be silently
    ignored.</para>

    <para>To determine whether a program object has been flagged for
    deletion, call
    <citerefentry><refentrytitle>glGetProgramiv</refentrytitle></citerefentry>
    with arguments <parameter>program</parameter> and
    <constant>GL_DELETE_STATUS</constant>.</para>
    </refsect1>
    <refsect1 xml:id="errors"><title>Errors</title>
    <para><constant>GL_INVALID_VALUE</constant> is generated if
    <parameter>program</parameter> is not a value generated by
    OpenGL.</para>

    </refsect1>
    <refsect1 xml:id="associatedgets"><title>Associated Gets</title>
    <para><citerefentry><refentrytitle>glGet</refentrytitle></citerefentry>
    with argument <constant>GL_CURRENT_PROGRAM</constant></para>

    <para><citerefentry><refentrytitle>glGetProgramiv</refentrytitle></citerefentry>
    with arguments <parameter>program</parameter> and
    <constant>GL_DELETE_STATUS</constant></para>

    <para><citerefentry><refentrytitle>glIsProgram</refentrytitle></citerefentry></para>
    </refsect1>
    <refsect1 xml:id="versions">
        <title>API Version Support</title>
        <informaltable>
            <tgroup cols="4" align="left">
                <xi:include xmlns:xi="http://www.w3.org/2001/XInclude" href="apifunchead.xml" xpointer="xpointer(/*/*)"/>
                <tbody>
                    <row>
                        <entry>glDeleteProgram</entry>
                        <xi:include xmlns:xi="http://www.w3.org/2001/XInclude" href="apiversion.xml" xpointer="xpointer(/*/*[@role='es20']/*)"/>
                    </row>
                </tbody>
            </tgroup>
        </informaltable>
    </refsect1>
    <refsect1 xml:id="seealso"><title>See Also</title>
    <para><citerefentry><refentrytitle>glCreateShader</refentrytitle></citerefentry>,
    <citerefentry><refentrytitle>glDetachShader</refentrytitle></citerefentry>,
    <citerefentry><refentrytitle>glUseProgram</refentrytitle></citerefentry>
    </para>
    </refsect1>
    <refsect1 xml:id="Copyright"><title>Copyright</title>
        <para>
            Copyright <trademark class="copyright"/> 2003-2005 3Dlabs Inc. Ltd.
            Copyright <trademark class="copyright"/> 2010-2014 Khronos Group.
            This material may be distributed subject to the terms and conditions set forth in
            the Open Publication License, v 1.0, 8 June 1999.
            <link xmlns:xlink="http://www.w3.org/1999/xlink" xlink:href="http://opencontent.org/openpub/">http://opencontent.org/openpub/</link>.
        </para>
    </refsect1>
</refentry>
