<!DOCTYPE refentry [ <!ENTITY % mathent SYSTEM "math.ent"> %mathent; ]>

<!-- Converted by db4-upgrade version 1.1 -->

<refentry xmlns="http://docbook.org/ns/docbook" version="5.0" xml:id="glDrawArraysIndirect">
    <info>
        <copyright>
            <year>2010-2014</year>
            <holder>Khronos Group.</holder>
        </copyright>
    </info>
    <refmeta>
        <refentrytitle>glDrawArraysIndirect</refentrytitle>
        <manvolnum>3G</manvolnum>
    </refmeta>
    <refnamediv>
        <refname>glDrawArraysIndirect</refname>
        <refpurpose>render primitives from array data, taking parameters from memory</refpurpose>
    </refnamediv>
    <refsynopsisdiv>
        <title>C Specification</title>
        <funcsynopsis>
            <funcprototype>
                <funcdef>void <function>glDrawArraysIndirect</function></funcdef>
                <paramdef>GLenum <parameter>mode</parameter></paramdef>
                <paramdef>const void *<parameter>indirect</parameter></paramdef>
            </funcprototype>
        </funcsynopsis>
    </refsynopsisdiv>
    <!-- eqn: ignoring delim $$ -->
    <refsect1 xml:id="parameters"><title>Parameters</title>
        <variablelist>
        <varlistentry>
            <term><parameter>mode</parameter></term>
            <listitem>
                <para>
                    Specifies what kind of primitives to render.
                    Symbolic constants
                    <constant>GL_POINTS</constant>,
                    <constant>GL_LINE_STRIP</constant>,
                    <constant>GL_LINE_LOOP</constant>,
                    <constant>GL_LINES</constant>,
                    <constant>GL_TRIANGLE_STRIP</constant>,
                    <constant>GL_TRIANGLE_FAN</constant>, and
                    <constant>GL_TRIANGLES</constant>
                    are accepted.
                </para>
            </listitem>
        </varlistentry>
        <varlistentry>
            <term><parameter>indirect</parameter></term>
            <listitem>
                <para>
                    Specifies the address of a structure containing the draw parameters.
                </para>
            </listitem>
        </varlistentry>
        </variablelist>
    </refsect1>
    <refsect1 xml:id="description"><title>Description</title>
        <para>
            <function>glDrawArraysIndirect</function> specifies multiple geometric primitives
            with very few subroutine calls. <function>glDrawArraysIndirect</function> behaves
            similarly to <citerefentry><refentrytitle>glDrawArraysInstanced</refentrytitle></citerefentry>,
            execept that the parameters to <citerefentry><refentrytitle>glDrawArraysInstanced</refentrytitle></citerefentry>
            are stored in memory at the address given by <parameter>indirect</parameter>.
        </para>
        <para>
            The parameters addressed by <parameter>indirect</parameter> are packed into a structure
            that takes the form (in C):
            <programlisting>    typedef  struct {
        uint  count;
        uint  primCount;
        uint  first;
        uint  reserved;
    } DrawArraysIndirectCommand;

    const DrawArraysIndirectCommand  *cmd  = (const DrawArraysIndirectCommand  *)indirect;
    glDrawArraysInstanced(mode,  cmd-&gt;first,  cmd-&gt;count,  cmd-&gt;primCount);</programlisting>
        </para>
        <para>
            If a buffer is bound to the <constant>GL_DRAW_INDIRECT_BUFFER</constant> binding at the time
            of a call to <function>glDrawArraysIndirect</function>, <parameter>indirect</parameter>
            is interpreted as an offset, in basic machine units, into that buffer and the parameter
            data is read from the buffer rather than from client memory.
        </para>
        <para>
            In contrast to <citerefentry><refentrytitle>glDrawArraysInstanced</refentrytitle></citerefentry>,
            the <code>first</code> member of the parameter structure is unsigned, and out-of-range indices
            do not generate an error.
        </para>
        <para>
            Vertex attributes that are modified by <function>glDrawArraysIndirect</function> have an
            unspecified value after <function>glDrawArraysIndirect</function> returns. Attributes that aren't
            modified remain well defined.
        </para>
    </refsect1>
    <refsect1 xml:id="notes"><title>Notes</title>
        <para>
            The <parameter>reserved</parameter> member of the <parameter>DrawArraysIndirectCommand</parameter>
            structure should be set to zero. Behavior is undefined if it is non-zero.
        </para>
    </refsect1>
    <refsect1 xml:id="errors"><title>Errors</title>
        <para>
            <constant>GL_INVALID_ENUM</constant> is generated if <parameter>mode</parameter> is not an accepted value.
        </para>
        <para>
            <constant>GL_INVALID_OPERATION</constant> is generated if a non-zero buffer object name is bound to an
            enabled array or to the <constant>GL_DRAW_INDIRECT_BUFFER</constant> binding and the buffer object's data store is currently mapped.
        </para>
    </refsect1>
    <refsect1 xml:id="versions">
        <title>API Version Support</title>
        <informaltable>
            <tgroup cols="4" align="left">
                <xi:include xmlns:xi="http://www.w3.org/2001/XInclude" href="apifunchead.xml" xpointer="xpointer(/*/*)"/>
                <tbody>
                    <row>
                        <entry><function>glDrawArraysIndirect</function></entry>
                        <xi:include xmlns:xi="http://www.w3.org/2001/XInclude" href="apiversion.xml" xpointer="xpointer(/*/*[@role='es31']/*)"/>
                    </row>
                </tbody>
            </tgroup>
        </informaltable>
    </refsect1>
    <refsect1 xml:id="seealso"><title>See Also</title>
        <para>
            <citerefentry><refentrytitle>glDrawArrays</refentrytitle></citerefentry>,
            <citerefentry><refentrytitle>glDrawArraysInstanced</refentrytitle></citerefentry>,
            <citerefentry><refentrytitle>glDrawElements</refentrytitle></citerefentry>,
            <citerefentry><refentrytitle>glDrawRangeElements</refentrytitle></citerefentry>,
        </para>
    </refsect1>
    <refsect1 xml:id="Copyright"><title>Copyright</title>
        <para>
            Copyright <trademark class="copyright"/> 2010-2014 Khronos Group. 
            This material may be distributed subject to the terms and conditions set forth in 
            the Open Publication License, v 1.0, 8 June 1999.
            <link xmlns:xlink="http://www.w3.org/1999/xlink" xlink:href="http://opencontent.org/openpub/">http://opencontent.org/openpub/</link>.
        </para>
    </refsect1>
</refentry>
