<!DOCTYPE refentry [ <!ENTITY % mathent SYSTEM "math.ent"> %mathent; ]>

<!-- Converted by db4-upgrade version 1.1 -->

<refentry xmlns="http://docbook.org/ns/docbook" version="5.0" xml:id="glGetQueryObjectuiv">
    <info>
        <copyright>
            <year>2005</year>
            <holder>Sams Publishing</holder>
        </copyright>
        <copyright>
            <year>2010-2014</year>
            <holder>Khronos Group</holder>
        </copyright>
    </info>
    <refmeta>
        <refentrytitle>glGetQueryObjectuiv</refentrytitle>
        <manvolnum>3G</manvolnum>
    </refmeta>
    <refnamediv>
        <refname>glGetQueryObjectuiv</refname>
        <refpurpose>return parameters of a query object</refpurpose>
    </refnamediv>
    <refsynopsisdiv>
        <title>C Specification</title>
        <funcsynopsis>
            <funcprototype>
                <funcdef>void <function>glGetQueryObjectuiv</function></funcdef>
                <paramdef>GLuint <parameter>id</parameter></paramdef>
                <paramdef>GLenum <parameter>pname</parameter></paramdef>
                <paramdef>GLuint * <parameter>params</parameter></paramdef>
            </funcprototype>
        </funcsynopsis>
    </refsynopsisdiv>
    <refsect1 xml:id="parameters"><title>Parameters</title>
        <variablelist>
        <varlistentry>
            <term><parameter>id</parameter></term>
            <listitem>
                <para>
                    Specifies the name of a query object.
                </para>
            </listitem>
        </varlistentry>
        <varlistentry>
            <term><parameter>pname</parameter></term>
            <listitem>
                <para>
                    Specifies the symbolic name of a query object parameter.
                    Accepted values are <constant>GL_QUERY_RESULT</constant> or <constant>GL_QUERY_RESULT_AVAILABLE</constant>.
                </para>
            </listitem>
        </varlistentry>
        <varlistentry>
            <term><parameter>params</parameter></term>
            <listitem>
                <para>
                    Returns the requested data.
                </para>
            </listitem>
        </varlistentry>
        </variablelist>
    </refsect1>
    <refsect1 xml:id="description"><title>Description</title>
        <para>
            <function>glGetQueryObjectuiv</function> returns in <parameter>params</parameter> a selected parameter of the query object
            specified by <parameter>id</parameter>.
        </para>
        <para>
            <parameter>pname</parameter> names a specific query object parameter.  <parameter>pname</parameter> can be as follows:
        </para>
        <variablelist>
            <varlistentry>
                <term><constant>GL_QUERY_RESULT</constant></term>
                <listitem>
                    <para>
                        <parameter>params</parameter> returns the value of the query object's passed samples counter.
                        The initial value is 0.
                    </para>
                </listitem>
            </varlistentry>
            <varlistentry>
                <term><constant>GL_QUERY_RESULT_AVAILABLE</constant></term>
                <listitem>
                    <para>
                        <parameter>params</parameter> returns whether the passed samples counter is immediately available.
                        If a delay would occur waiting for the query result, <constant>GL_FALSE</constant> is returned.
                        Otherwise, <constant>GL_TRUE</constant> is returned, which also indicates that the results of all
                        previous queries of the same type are available as well.
                    </para>
                </listitem>
            </varlistentry>
        </variablelist>
    </refsect1>
    <refsect1 xml:id="notes"><title>Notes</title>
        <para>
            If an error is generated,
            no change is made to the contents of <parameter>params</parameter>.
        </para>
        <para>
            <function>glGetQueryObjectuiv</function> implicitly flushes the GL pipeline so that any incomplete rendering
            delimited by the occlusion query completes in finite time.
        </para>
        <para>
                        Repeatedly querying the <constant>GL_QUERY_RESULT_AVAILABLE</constant> state for any given query object is
                        guaranteed to return true eventually. Note that multiple queries to the same occlusion object may result in a
                        significant performance loss. For better performance it is recommended to wait N frames before querying this
                        state. N is implementation-dependent but is generally between one and three.
        </para>
                <para>
            If multiple queries are issued using the same query object <parameter>id</parameter> before calling
            <function>glGetQueryObjectuiv</function>, the results of the most recent query will be returned.  In this case,
            when issuing a new query, the results of the previous query are discarded.
        </para>
    </refsect1>
    <refsect1 xml:id="errors"><title>Errors</title>
        <para>
            <constant>GL_INVALID_ENUM</constant> is generated if <parameter>pname</parameter> is not an accepted value.
        </para>
        <para>
            <constant>GL_INVALID_OPERATION</constant> is generated if <parameter>id</parameter> is not the name of a query object.
        </para>
        <para>
            <constant>GL_INVALID_OPERATION</constant> is generated if <parameter>id</parameter> is the name of a currently active
            query object.
        </para>
    </refsect1>
    <refsect1 xml:id="versions">
        <title>API Version Support</title>
        <informaltable>
            <tgroup cols="4" align="left">
                <xi:include xmlns:xi="http://www.w3.org/2001/XInclude" href="apifunchead.xml" xpointer="xpointer(/*/*)"/>
                <tbody>
                    <row>
                        <entry>glGetQueryObjectuiv</entry>
                        <xi:include xmlns:xi="http://www.w3.org/2001/XInclude" href="apiversion.xml" xpointer="xpointer(/*/*[@role='es30']/*)"/>
                    </row>
                </tbody>
            </tgroup>
        </informaltable>
    </refsect1>
    <refsect1 xml:id="seealso"><title>See Also</title>
        <para>
            <citerefentry><refentrytitle>glBeginQuery</refentrytitle></citerefentry>,
            <citerefentry><refentrytitle>glEndQuery</refentrytitle></citerefentry>,
            <citerefentry><refentrytitle>glGetQueryiv</refentrytitle></citerefentry>,
            <citerefentry><refentrytitle>glIsQuery</refentrytitle></citerefentry>,
        </para>
    </refsect1>
    <refsect1 xml:id="Copyright"><title>Copyright</title>
        <para>
            Copyright <trademark class="copyright"/> 2005 Addison-Wesley.
            Copyright <trademark class="copyright"/> 2010-2014 Khronos Group.
            This material may be distributed subject to the terms and conditions set forth in
            the Open Publication License, v 1.0, 8 June 1999.
            <link xmlns:xlink="http://www.w3.org/1999/xlink" xlink:href="http://opencontent.org/openpub/">http://opencontent.org/openpub/</link>.
        </para>
    </refsect1>
</refentry>
