<!DOCTYPE refentry [ <!ENTITY % mathent SYSTEM "math.ent"> %mathent; ]>

<!-- Converted by db4-upgrade version 1.1 -->

<refentry xmlns="http://docbook.org/ns/docbook" version="5.0" xml:id="glIsRenderbuffer">
    <info>
        <copyright>
            <year>2010-2014</year>
            <holder>Khronos Group</holder>
        </copyright>
    </info>
    <refmeta>
        <refentrytitle>glIsRenderbuffer</refentrytitle>
        <manvolnum>3G</manvolnum>
    </refmeta>
    <refnamediv>
        <refname>glIsRenderbuffer</refname>
        <refpurpose>determine if a name corresponds to a renderbuffer object</refpurpose>
    </refnamediv>
    <refsynopsisdiv>
        <title>C Specification</title>
        <funcsynopsis>
            <funcprototype>
                <funcdef>GLboolean <function>glIsRenderbuffer</function></funcdef>
                <paramdef>GLuint <parameter>renderbuffer</parameter></paramdef>
            </funcprototype>
        </funcsynopsis>
    </refsynopsisdiv>
    <refsect1 xml:id="parameters"><title>Parameters</title>
        <variablelist>
        <varlistentry>
            <term><parameter>renderbuffer</parameter></term>
            <listitem>
                <para>
                    Specifies a value that may be the name of a renderbuffer object.
                </para>
            </listitem>
        </varlistentry>
        </variablelist>
    </refsect1>
    <refsect1 xml:id="description"><title>Description</title>
        <para>
            <function>glIsRenderbuffer</function> returns <constant>GL_TRUE</constant> if <parameter>renderbuffer</parameter> is currently the name of a renderbuffer
            object. If <parameter>renderbuffer</parameter> is zero, or if <parameter>renderbuffer</parameter> is not the name of a renderbuffer object, or if an error
            occurs, <function>glIsRenderbuffer</function> returns <constant>GL_FALSE</constant>. If <parameter>renderbuffer</parameter> is a name returned by
            <citerefentry><refentrytitle>glGenRenderbuffers</refentrytitle></citerefentry>, by that has not yet been bound through a call to
            <citerefentry><refentrytitle>glBindRenderbuffer</refentrytitle></citerefentry> or <citerefentry><refentrytitle>glFramebufferRenderbuffer</refentrytitle></citerefentry>,
            then the name is not a renderbuffer object and <function>glIsRenderbuffer</function> returns <constant>GL_FALSE</constant>.
        </para>
    </refsect1>
    <refsect1 xml:id="versions">
        <title>API Version Support</title>
        <informaltable>
            <tgroup cols="4" align="left">
                <xi:include xmlns:xi="http://www.w3.org/2001/XInclude" href="apifunchead.xml" xpointer="xpointer(/*/*)"/>
                <tbody>
                    <row>
                        <entry>glIsRenderbuffer</entry>
                        <xi:include xmlns:xi="http://www.w3.org/2001/XInclude" href="apiversion.xml" xpointer="xpointer(/*/*[@role='es20']/*)"/>
                    </row>
                </tbody>
            </tgroup>
        </informaltable>
    </refsect1>
    <refsect1 xml:id="seealso"><title>See Also</title>
        <para>
            <citerefentry><refentrytitle>glGenRenderbuffers</refentrytitle></citerefentry>,
            <citerefentry><refentrytitle>glBindRenderbuffer</refentrytitle></citerefentry>,
            <citerefentry><refentrytitle>glFramebufferRenderbuffer</refentrytitle></citerefentry>,
            <citerefentry><refentrytitle>glDeleteRenderbuffers</refentrytitle></citerefentry>
        </para>
    </refsect1>
    <refsect1 xml:id="Copyright"><title>Copyright</title>
        <para>
            Copyright <trademark class="copyright"/> 2010-2014 Khronos Group.
            This material may be distributed subject to the terms and conditions set forth in
            the Open Publication License, v 1.0, 8 June 1999.
            <link xmlns:xlink="http://www.w3.org/1999/xlink" xlink:href="http://opencontent.org/openpub/">http://opencontent.org/openpub/</link>.
        </para>
    </refsect1>
</refentry>
