<!DOCTYPE refentry [ <!ENTITY % mathent SYSTEM "math.ent"> %mathent; ]>

<!-- Converted by db4-upgrade version 1.1 -->

<refentry xmlns="http://docbook.org/ns/docbook" version="5.0" xml:id="gl_InstanceID">
    <info>
        <copyright>
            <year>2011-2014</year>
            <holder>Khronos Group</holder>
        </copyright>
    </info>
    <refmeta>
        <refentrytitle>gl_InstanceID</refentrytitle>
        <manvolnum>3G</manvolnum>
    </refmeta>
    <refnamediv>
        <refname>gl_InstanceID</refname>
        <refpurpose>contains the index of the current primitive in an instanced draw command</refpurpose>
    </refnamediv>
    <refsynopsisdiv>
        <title>Declaration</title>
        <fieldsynopsis>
            <modifier>in highp</modifier>
            <type>int</type>
            <varname>gl_InstanceID</varname>
        </fieldsynopsis>
    </refsynopsisdiv>
    <refsect1 xml:id="description"><title>Description</title>
        <para>
            <varname>gl_InstanceID</varname> is a vertex language input variable that
            holds the integer index of the current primitive in an instanced draw
            command such as <function>glDrawArraysInstanced</function>. If the current
            primitive does not originate from an instanced draw command, the value
            of <varname>gl_InstanceID</varname> is zero.
        </para>
    </refsect1>
    <refsect1 xml:id="versions"><title>Version Support</title>
        <informaltable>
            <tgroup cols="3" align="left">
                <xi:include xmlns:xi="http://www.w3.org/2001/XInclude" href="varhead.xml" xpointer="xpointer(/*/*)"/>
                <tbody>
                    <row>
                        <entry>gl_InstanceID</entry>
                        <xi:include xmlns:xi="http://www.w3.org/2001/XInclude" href="version.xml" xpointer="xpointer(/*/*[@role='30']/*)"/>
                    </row>
                </tbody>
            </tgroup>
        </informaltable>
    </refsect1>
    <refsect1 xml:id="seealso"><title>See Also</title>
        <para>
            <citerefentry><refentrytitle>gl_VertexID</refentrytitle></citerefentry>
        </para>
    </refsect1>
    <refsect1 xml:id="Copyright"><title>Copyright</title>
        <para>
            Copyright <trademark class="copyright"/> 2011-2014 Khronos Group.
            This material may be distributed subject to the terms and conditions set forth in
            the Open Publication License, v 1.0, 8 June 1999.
            <link xmlns:xlink="http://www.w3.org/1999/xlink" xlink:href="http://opencontent.org/openpub/">http://opencontent.org/openpub/</link>.
        </para>
    </refsect1>
</refentry>
