<!DOCTYPE refentry [ <!ENTITY % mathent SYSTEM "math.ent"> %mathent; ]>

<!-- Converted by db4-upgrade version 1.1 -->

<refentry xmlns="http://docbook.org/ns/docbook" version="5.0" xml:id="glBlendColor">
    <info>
        <copyright>
            <year>1991-2006</year>
            <holder>Silicon Graphics, Inc.</holder>
        </copyright>
        <copyright>
            <year>2010-2014</year>
            <holder>Khronos Group</holder>
        </copyright>
    </info>
    <refmeta>
        <refentrytitle>glBlendColor</refentrytitle>
        <manvolnum>3G</manvolnum>
    </refmeta>
    <refnamediv>
        <refname>glBlendColor</refname>
        <refpurpose>set the blend color</refpurpose>
    </refnamediv>
    <refsynopsisdiv><title>C Specification</title>
        <funcsynopsis>
            <funcprototype>
                <funcdef>void <function>glBlendColor</function></funcdef>
                <paramdef>GLfloat <parameter>red</parameter></paramdef>
                <paramdef>GLfloat <parameter>green</parameter></paramdef>
                <paramdef>GLfloat <parameter>blue</parameter></paramdef>
                <paramdef>GLfloat <parameter>alpha</parameter></paramdef>
            </funcprototype>
        </funcsynopsis>
    </refsynopsisdiv>
    <refsect1 xml:id="parameters"><title>Parameters</title>
        <variablelist>
        <varlistentry>
            <term><parameter>red</parameter></term>
            <term><parameter>green</parameter></term>
            <term><parameter>blue</parameter></term>
            <term><parameter>alpha</parameter></term>
            <listitem>
                <para>
                    specify the components of <constant>GL_BLEND_COLOR</constant>
                </para>
            </listitem>
        </varlistentry>
        </variablelist>
    </refsect1>
    <refsect1 xml:id="description"><title>Description</title>
        <para>
            The <constant>GL_BLEND_COLOR</constant> may be used to calculate the source and destination
            blending factors. If destination framebuffer components use an unsigned normalized
            fixed-point representation, the constant color components are clamped to the range
            <inlineequation><mml:math xmlns:mml="http://www.w3.org/1998/Math/MathML" overflow="scroll">
                <!-- eqn: [0,1]: -->
                <mml:mfenced open="[" close="]">
                    <mml:mn>0</mml:mn>
                    <mml:mn>1</mml:mn>
                </mml:mfenced>
            </mml:math></inlineequation>
            when computing the blend factors. See <citerefentry><refentrytitle>glBlendFunc</refentrytitle></citerefentry> for a complete description of the
            blending operations.
            Initially the <constant>GL_BLEND_COLOR</constant> is set to (0, 0, 0, 0).
        </para>
    </refsect1>
    <refsect1 xml:id="associatedgets"><title>Associated Gets</title>
        <para>
            <citerefentry><refentrytitle>glGet</refentrytitle></citerefentry> with an argument of <constant>GL_BLEND_COLOR</constant>
        </para>
    </refsect1>
    <refsect1 xml:id="versions">
        <title>API Version Support</title>
        <informaltable>
            <tgroup cols="3" align="left">
                <xi:include xmlns:xi="http://www.w3.org/2001/XInclude" href="apifunchead.xml" xpointer="xpointer(/*/*)"/>
                <tbody>
                    <row>
                        <entry>glBlendColor</entry>
                        <xi:include xmlns:xi="http://www.w3.org/2001/XInclude" href="apiversion.xml" xpointer="xpointer(/*/*[@role='es20']/*)"/>
                    </row>
                </tbody>
            </tgroup>
        </informaltable>
    </refsect1>
    <refsect1 xml:id="seealso"><title>See Also</title>
        <para>
            <citerefentry><refentrytitle>glBlendEquation</refentrytitle></citerefentry>,
            <citerefentry><refentrytitle>glBlendFunc</refentrytitle></citerefentry>,
            <citerefentry><refentrytitle>glGet</refentrytitle></citerefentry>
        </para>
    </refsect1>
    <refsect1 xml:id="Copyright"><title>Copyright</title>
        <para>
            Copyright <trademark class="copyright"/> 1991-2006 Silicon Graphics, Inc.
            Copyright <trademark class="copyright"/> 2010-2014 Khronos Group.
            This document is licensed under the SGI Free Software B License.
            For details, see
            <link xmlns:xlink="http://www.w3.org/1999/xlink" xlink:href="http://oss.sgi.com/projects/FreeB/">http://oss.sgi.com/projects/FreeB/</link>.
        </para>
    </refsect1>
</refentry>
