<!DOCTYPE refentry [ <!ENTITY % mathent SYSTEM "math.ent"> %mathent; ]>

<!-- Converted by db4-upgrade version 1.1 -->

<refentry xmlns="http://docbook.org/ns/docbook" version="5.0" xml:id="glDeleteSamplers">
    <info>
        <copyright>
            <year>2010-2014</year>
            <holder>Khronos Group</holder>
        </copyright>
    </info>
    <refmeta>
        <refentrytitle>glDeleteSamplers</refentrytitle>
        <manvolnum>3G</manvolnum>
    </refmeta>
    <refnamediv>
        <refname>glDeleteSamplers</refname>
        <refpurpose>delete named sampler objects</refpurpose>
    </refnamediv>
    <refsynopsisdiv><title>C Specification</title>
        <funcsynopsis>
            <funcprototype>
                <funcdef>void <function>glDeleteSamplers</function></funcdef>
                <paramdef>GLsizei <parameter>n</parameter></paramdef>
                <paramdef>const GLuint * <parameter>samplers</parameter></paramdef>
            </funcprototype>
        </funcsynopsis>
    </refsynopsisdiv>
    <refsect1 xml:id="parameters"><title>Parameters</title>
        <variablelist>
        <varlistentry>
            <term><parameter>n</parameter></term>
            <listitem>
                <para>
                    Specifies the number of sampler objects to be deleted.
                </para>
            </listitem>
        </varlistentry>
        <varlistentry>
            <term><parameter>samplers</parameter></term>
            <listitem>
                <para>
                    Specifies an array of sampler objects to be deleted.
                </para>
            </listitem>
        </varlistentry>
        </variablelist>
    </refsect1>
    <refsect1 xml:id="description"><title>Description</title>
        <para>
            <function>glDeleteSamplers</function> deletes <parameter>n</parameter> sampler objects named by the elements of the array <parameter>samplers</parameter>.
            After a sampler object is deleted, its name is again unused. If a sampler object that is currently
                        bound to one or more texture units is deleted, it is as though
                        <citerefentry><refentrytitle>glBindSampler</refentrytitle></citerefentry> is called once for each texture unit
                        to which the sampler is bound, with <parameter>unit</parameter> set to the texture unit and
                        <parameter>sampler</parameter> set to zero. Unused names in <parameter>samplers</parameter> that have been marked as
                        used for the purposes of <citerefentry><refentrytitle>glGenSamplers</refentrytitle></citerefentry> are marked as unused again.
                        Unused names in <parameter>samplers</parameter> are silently ignored, as is the reserved name zero.
        </para>
    </refsect1>
    <refsect1 xml:id="errors"><title>Errors</title>
        <para>
            <constant>GL_INVALID_VALUE</constant> is generated if <parameter>n</parameter> is negative.
        </para>
    </refsect1>
    <refsect1 xml:id="associatedgets"><title>Associated Gets</title>
        <para>
            <citerefentry><refentrytitle>glIsSampler</refentrytitle></citerefentry>
        </para>
    </refsect1>
    <refsect1 xml:id="versions">
        <title>API Version Support</title>
        <informaltable>
            <tgroup cols="3" align="left">
                <xi:include xmlns:xi="http://www.w3.org/2001/XInclude" href="apifunchead.xml" xpointer="xpointer(/*/*)"/>
                <tbody>
                    <row>
                        <entry>glDeleteSamplers</entry>
                        <xi:include xmlns:xi="http://www.w3.org/2001/XInclude" href="apiversion.xml" xpointer="xpointer(/*/*[@role='es30']/*)"/>
                    </row>
                </tbody>
            </tgroup>
        </informaltable>
    </refsect1>
    <refsect1 xml:id="seealso"><title>See Also</title>
        <para>
            <citerefentry><refentrytitle>glGenSamplers</refentrytitle></citerefentry>,
            <citerefentry><refentrytitle>glBindSampler</refentrytitle></citerefentry>,
            <citerefentry><refentrytitle>glDeleteSamplers</refentrytitle></citerefentry>,
            <citerefentry><refentrytitle>glIsSampler</refentrytitle></citerefentry>
        </para>
    </refsect1>
    <refsect1 xml:id="Copyright"><title>Copyright</title>
        <para>
            Copyright <trademark class="copyright"/> 2010-2014 Khronos Group.
            This material may be distributed subject to the terms and conditions set forth in
            the Open Publication License, v 1.0, 8 June 1999.
            <link xmlns:xlink="http://www.w3.org/1999/xlink" xlink:href="http://opencontent.org/openpub/">http://opencontent.org/openpub/</link>.
        </para>
    </refsect1>
</refentry>
